"id","SFirstName","SLastName","espnID","backgroundPicture","youtube1","youtube2","twitter","picture1","picture2"
"1","Stephen","Curry","3975","stephen-curry.jpg","bUkH3AG00B8","MsrRHmJHSrE","https://twitter.com/StephenCurry30","https://usatthebiglead.files.wordpress.com/2017/10/stephen-curry-china.jpg?w=1000&h=600&crop=1","https://pmcfootwearnews.files.wordpress.com/2017/04/stephen-curry-golden-state-warriors.jpg"
"2","James","Harden","3992","James_Harden4.jpg","Kk8TVGTXl3w","RYZfqV6JCmU","https://twitter.com/JHarden13",,
"3","Kevin","Durant","3202","kevinD.jpg","DeDK_Xj07Qg","jf8dllB4qPg","https://twitter.com/KDTrey5",,
"4","DeMarcus","Cousins","4258","demarcuscousins.jpg","aIgCMM4WnG8","oFmqBjg2kvE","https://twitter.com/boogiecousins",,
"5","Damian","Lillard","6606","lillard_drive.jpg","-6UgzSmw6M4","544_R2QtsP0","https://twitter.com/Dame_Lillard",,
"6","LeBron","James","1966","lebronsamplebg.png","mE295ggKbHU","7vlSdLatXow","https://twitter.com/KingJames",,
"7","Anthony","Davis","6583","anthonydavis.jpg","7kI_AtBdOuI","yFKcK1EUSU0","https://twitter.com/antdavis23",,
"8","Russell","Westbrook","3468","russell-westbrook.jpg","xgEa5tsdwYc","Dtb10PeLF2s","https://twitter.com/russwest44",,
"9","DeMar","DeRozan","3978","derozan.jpg","yigF_GGldC0","l5GCYTH3UWs","https://twitter.com/demar_derozan",,
"10","Paul","George","4251","paul-george.jpg","nxFPEpWKcdE","bnx5DP2eIig","https://twitter.com/Yg_Trece",,
"11","Blake","Griffin","3989","Blake_Griffin.jpg","OZ9o7owSUcQ","vxYBsUdosGo","https://twitter.com/blakegriffin23",,
"12","Klay","Thompson","6475","klay-thompson-shoots.jpg","LWc1OU3sfds","5oqTylf5NB4","https://twitter.com/KlayThompson",,
"13","Isaiah","Thomas","6472","legends-isiah-thomas.jpg","W4K7nKW6sDg","a2kJpH3PR0M","https://twitter.com/isaiahthomas",,
"14","Carmelo","Anthony","1975","carmelo-anthony.jpg","a5LMozhAeUg","l-tjrRdS0KI","https://twitter.com/carmeloanthony",,
"15","Kyle","Lowry","3012","lowry.jpg","I4fCTDzRIZI","5vpeliNGvbY","https://twitter.com/Klow7",,
"16","Jimmy","Butler","6430","jimmy-butler-dribble-0402.jpg","5ldILlgRte8","UCJ3UbH5bNg","https://twitter.com/jimmybutler",,
"17","Kemba","Walker","6479","kemba-walker.jpg","FHjKEUyNwyU","xYJSYkGp_Tg","https://twitter.com/KembaWalker",,
"18","Kawhi","Leonard","6450","kawhi.jpg","hIT8ZEDY_GM","rhqrWsH9B7E","https://twitter.com/kawhileonard",,
"19","Brook","Lopez","3448","brooklopez.jpg","f1Ng9QblAJc","9M6joeEaRkQ","https://twitter.com/realbrooklopez",,
"20","C.J.","McCollum","2490149","cj-mccollum.jpg","mLCCRk8_b70","kuU7Bfn1TYk","https://twitter.com/CJMcCollum",,
"21","Andrew","Wiggins","3059319","wiggins.jpg","M5lGZdBO2tU","zEd2zkAUP_E","https://twitter.com/22wiggins",,
"22","Eric","Bledsoe","4238","eric-bledsoe.jpg","sA04gYw5UIg","jy09rR4zIMo","https://twitter.com/ebled2",,
"23","John","Wall","4237","johnwall.png","wKJWq7HDA08","zLeb8d6J71E","https://twitter.com/johnwall",,
"24","Chris","Paul","2779","cp3.jpg","4kR9CMMHoSw","1K6s5OOMl48","https://twitter.com/CP3",,
"25","Brandon","Knight","6448","knight.jpg","EWEkKKdcVD8","YzmaBC219YE","https://twitter.com/goodknight11",,
"26","Gordon","Hayward","4249","gordon-hayward-e.jpg","LinS8LS8TVE","didOjB9DobY","https://twitter.com/gordonhayward",,
"27","Danilo","Gallinari","3428","Danilo-Gallinari.jpg","KQMKpAuZEZ0","Jh9nxo_BSQ8","https://twitter.com/gallinari8888",,
"28","Kyrie","Irving","6442","kyrie-irving.jpg","HXeuuwjdUM4","zSUI60zRtBk","https://twitter.com/kyrieirving?lang=en",,
"29","Dwyane","Wade","1987","wade.jpg","RofLsQaq8M4","komeq9cJh7I","https://twitter.com/DwyaneWade",,
"30","Chris","Bosh","1977","chris-bosh.jpg","69Ly34eoG3w","rU-AoKGfg8c","https://twitter.com/chrisbosh",,
"31","Dirk","Nowitzki","609","dirk-nowitzki.jpg","Vc5r_eNTsow","BnIz-JyWEzs","https://twitter.com/swish41",,
"32","Reggie","Jackson","6443","reggie.jpg","ZeSP5MjPoJ0","8FqV7P4kK_c","https://twitter.com/reggie_jackson?lang=en",,
"33","Karl-Anthony","Towns","3136195","karl-anthony-towns.jpg","eKWSLvqFlIo","yOhalFOK_a4","https://twitter.com/KarlTowns",,
"34","Khris","Middleton","6609","khris-middleton.jpg","Kvl5KzeGYYE","PDqNggKQOSU","https://twitter.com/Khris22m",,
"35","LaMarcus","Aldridge","2983","lamarcus-aldridge.jpg","0BlH_Ltnrys","eczuEK6CUXU","https://twitter.com/aldridge_12",,
"36","Nikola","Vucevic","6478","vucevic.jpg","Lg90qA2fVQQ","KFvdCYfOmPQ","https://twitter.com/NikolaVucevic",,
"37","Jahlil","Okafor","3135048","jahlil-okafor2.jpg","HZt5u_Dq9lc","vh1d2VvvoI4","https://twitter.com/jahlilokafor?lang=en",,
"38","Bradley","Beal","6580","bradley-beal-dribble.jpg","gtK9aNqD6p0","1eqPjkM5bKU","https://twitter.com/RealDealBeal23",,
"39","Paul","Millsap","3015","paul-millsap-2.jpg","tfykPvO8nAY","WGf2AK-Qye8","https://twitter.com/paulmillsap4?lang=en",,
"40","Rudy","Gay","3005","Rudy-Gay.jpg","SKfRKW4FG_Y","HYJoQTl8wXs","https://twitter.com/RudyGay",,
"41","Ryan","Anderson","3412","ryan_121115.jpg","jUt2hNpZA6w","eSRcJ26vsPw","https://twitter.com/m12teranderson?lang=en",,
"42","Kobe","Bryant","110","kobebryant.jpg","tjRCk0JVzfc","1fjhIWJSxfw","https://twitter.com/kobebryant",,
"43","Derrick","Rose","3456","roseknicks2.jpg","6BgJKC1vAV4","TYjS8maSy5Q","https://twitter.com/drose",,
"44","Jrue","Holiday","3995","jrue.jpg","5qWr4u4ZmMg","xw1FzB95bx0","https://twitter.com/jrue_holiday11?lang=en",,
"45","Derrick","Favors","4257","sdut-derrick-favors.jpg","WawGfvVk-wQ","dOQF8fVETRs","https://twitter.com/dfavors14?lang=en",,
"46","Pau","Gasol","996","paugasol.jpg","ISYHoP_2Pfc","oaPmioFSqNw","https://twitter.com/paugasol",,
"47","Andre","Drummond","6585","drummond.jpg","8YuVwbx7b5M","bmRboGYuWZU","https://twitter.com/AndreDrummond",,
"48","Giannis","Antetokounmpo","3032977","20171021_GIANNIS.jpg","6kqJyuHgLMY","7kI_AtBdOuI","https://twitter.com/Giannis_An34",,
"49","Marc","Gasol","3206","marc-gasol.jpg","K5__q-dh0jQ","k4BvRPftUYs","https://twitter.com/MarcGasol",,
"50","J.J.","Redick","3024","jjredick.jpg","pvJDDfQzlLc","qSrMnNwcxi8","https://twitter.com/sixers?lang=en",,
"51","Victor","Oladipo","2527963","Victor_Oladipo.jpg","s8O-86-T2sI","au6KdnN_WIU","https://twitter.com/vicoladipo?lang=en",,
"52","Kevin","Love","3449","love.jpg","k-ov9XZzByA","2RkFMYdMQs4","https://twitter.com/kevinlove?lang=en",,
"53","Greg","Monroe","4260","gregmonroe.jpg","N4zslXEAmKc","ts7_TreZC5M","https://twitter.com/m10ose?lang=en",,
"54","Lou","Williams","2799","lou_williams_dribble_blue.jpg","uMgE4WqEZYM","KaBuIP9rSDI","https://twitter.com/TeamLou23",,
"55","Jordan","Clarkson","2528426","clarkson.jpg","HBLwh_PQgqo","gdnOWSNBJHs","https://twitter.com/JordanClarksons",,
"56","Al","Horford","3213","al-horford.jpg","hmWNY_ptl5s","lZrG6PUBvEg","https://twitter.com/Al_Horford",,
"57","Mike","Conley","3195","mike-conley3.jpg","i99HnD1yvug","9y0BlS2MM-s","https://twitter.com/mconley11",,
"58","Eric","Gordon","3431","eric-gordon.jpg","N27nUcp0ZKs","5tbVyUlwPEI","https://twitter.com/theofficialeg10?lang=en",,
"59","Tyreke","Evans","3983","tyreke.jpg","m5kuqSvR6Es","fPNp6rG7pAo","https://twitter.com/tyrekeevans?lang=en",,
"60","Nicolas","Batum","3416","batum.jpg","hbIUQKAZLdE","TE2FPyKcSiY","https://twitter.com/nicolas88batum?lang=en",,
"61","Thaddeus","Young","3244","thaddeus-young-nike-jersey.jpg","GdHQ_14eagM","AvTmGNKXACo","https://twitter.com/yungsmoove21",,
"62","Avery","Bradley","4240","averybradley.jpg","2mTKlW09NUM","U7CgoKyGwi4","https://twitter.com/avery0bradley?lang=en",,
"63","Jeff","Teague","4015","teague-1.jpg","PDSboVuUhw4","LhF-h9IrRBE","https://twitter.com/teague0?lang=en",,
"64","Zach","Randolph","1017","zachrandolph.jpg","B-lYD7jKepE","ElSNpN4shF4","https://twitter.com/macbo50?lang=en",,
"65","Kentavious","Caldwell-Pope","2581018","kentavious-caldwell-pope.jpg","4L71NyDDZuk","eO4UFgeIVHA","https://twitter.com/caldwellpope?lang=en",,
"66","Evan","Fournier","6588","os-evan-fournier.jpg","WHuPfSk9fa4","PqHKt63AX4s","https://twitter.com/EvanFourmizz",,
"67","Will","Barton","6579","willbarton.jpg","sNVg5LjQ4uY","VP-KV47RhaQ","https://twitter.com/WillTheThrillB5",,
"68","Rodney","Hood","2581177","rodneyhood.jpg","rDedr0cHDiw","nmBiFJLygaY","https://twitter.com/rodneyhood?lang=en",,
"69","Tobias","Harris","6440","tobiasharris.jpg","0VyKp8RaA3M","tLnzsLCyhIY","https://twitter.com/tobias31",,
"70","Jae","Crowder","6581","jae-crowder.gif","coeC3ThJ--0","LkTEcWskfEk","https://twitter.com/CJC9BOSS",,
"71","Alec","Burks","6429","alecburks.jpg","FFHc_fN35Hg","B65TKP5dUow","https://twitter.com/alecburks10?lang=en",,
"72","Kristaps","Porzingis","3102531","porzingis_dunk.jpg","943w4b03NVI","ViPCHaXO9-I","https://twitter.com/kporzee",,
"73","Zach","LaVine","3064440","171024-zach.jpg","MtbJGsuPgNY","RPNJ4e7C2RA","https://twitter.com/zachlavine?lang=en",,
"74","Monta","Ellis","2751","Monta-Ellis.jpg","bXxHUHBaWDo","5vVrNoDALlc","https://twitter.com/themontaellis11?lang=en",,
"75","Dwight","Howard","2384","Dwight-Howard.jpg","OLbQclc0NLY","qmTCet98VQ8","https://twitter.com/dwighthoward?lang=en",,
"76","Hassan","Whiteside","4262","whiteside_heat.jpg","wAIIsrBD4H0","FOKzUjPIkDc","https://twitter.com/youngwhiteside",,
"77","Michael","Beasley","3418","beasley.jpg","1WfK7Qv6rwY","kvmUkWSM2KA","https://twitter.com/Michael8easley",,
"78","Marcus","Morris","6462","morrismarcus.jpg","kdRx3ZoJxRY","_VZQDp9CY9Y","https://twitter.com/MookMorris2",,
"79","Deron","Williams","2798","deronwilliams.jpg","RRUT940KE1g","jcK_X8UyyXw","https://twitter.com/DeronWilliams",,
"80","Goran","Dragic","3423","gorandragic.jpg","OzyELzfujU4","5RKBI6-Czpk","https://twitter.com/goran_dragic?lang=en",,
"81","Draymond","Green","6589","draymondgreen.jpg","XFk0UMy5ADM","0MejTpaxzEo","https://twitter.com/money23green?lang=en",,
"82","Chandler","Parsons","6466","chandlerparsons.jpg","1_qmyDDVza4","5XKEwYbyxgY","https://twitter.com/chandlerparsons?lang=en",,
"83","Jamal","Crawford","165","Jamal-Crawford.jpg","jrp1-MF9RJk","G5HigUAVP9g","https://twitter.com/JCrossover",,
"84","Darren","Collison","3973","darren.jpg","ItOiGZ3M0zc","4fnYwM6x-IA","https://twitter.com/darren_collison?lang=en",,
"85","Marcin","Gortat","2758","marcin-gortat.jpg","i_fQocEeR1Q","sPSZ-5TYm8A","https://twitter.com/MGortat",,
"86","Jabari","Parker","3056600","jabariparker.jpg","LAkJabM1nF0","jxsIV-2cCec","https://twitter.com/jabariparker?lang=en",,
"87","Devin","Booker","3136193","booker-devin.jpg","YQZzdvVpm8M","qy9xl-GXfkI","https://twitter.com/DevinBook",,
"88","Arron","Afflalo","3187","afflalo.jpg","Vm_N1bINNxU","1bZ1SHIYR7s","https://twitter.com/aaa_afflalo?lang=en",,
"89","D'Angelo","Russell","3136776","russeldangelo.jpg","UCLB02TdDwQ","2JChpW6Bj88","https://twitter.com/Dloading",,
"90","DeAndre","Jordan","3442","deandre-jordan.jpg","tdyny1rK0J0","qJg2Hm8sJ6g","https://twitter.com/deandre?lang=en",,
"91","Jarrett","Jack","2768","jarrett-jack1.jpg","cPK03-sKp-o","OHLPu2RgqmY","https://twitter.com/jarrettjack03?lang=en",,
"92","Kenneth","Faried","6433","faried.jpg","y1BEdIjJZCo","-uIoVCVl7rM","https://twitter.com/KennethFaried35",,
"93","Serge","Ibaka","3439","Serge-Ibaka.jpg","uarYiMuzpro","YQrKv9riKwo","https://twitter.com/sergeibaka",,
"94","Michael","Kidd-Gilchrist","6601","kiddgilchrist.jpg","5jdybiEG7RI","VWAeHCVwRNI","https://twitter.com/mkg14?lang=en",,
"95","Jonas","Valanciunas","6477","jonas-valanciunas.jpg","UOLk8GtiGBM","gZFqDEbHt70","https://twitter.com/jvalanciunas?lang=en",,
"96","Ish","Smith","4305","ish-smith.jpg","_ESHfPPltrg","p2tlLc-1XCw","https://twitter.com/ishsmith?lang=en",,
"97","Trevor","Ariza","2426","trevorariza.jpg","wQFmz3VIG74","C3oaq0DURps","https://twitter.com/trevorariza?lang=en",,
"98","Enes","Kanter","6447","eneskanter.jpg","ECf13e1qxv8","c6GuNEBW9pY","https://twitter.com/Enes_Kanter",,
"99","Wesley","Matthews","4032","wesley-matthews.jpg","CU1n1TnRiwY","UqZKJ4e_z4E","https://twitter.com/wessywes23?lang=en",,
"100","J.R.","Smith","2444","j.r.-smith.jpg","qx-anZdIp2w","lSm_Tpi7DPw","https://twitter.com/therealjrsmith?lang=en",,
"101","Emmanuel","Mudiay","3892818","Emmanuel_Mudiay.0.jpg","wYdayLMLL-4","cKG8c85LuV4","https://twitter.com/emmanuelmudiay?lang=en",,
"102","George","Hill","3438","georgehill.jpg","pGHZhemhvmw","PT4BfFpLkGI","https://twitter.com/george_hill3?lang=en",,
"103","Gary","Harris","2999547","garyharris.jpg","81Tx9sw1RJA","DHvUdJOQ1s8","https://twitter.com/thats_g_?lang=en",,
"104","Tony","Parker","1015","tony-parker-1.jpg","1vVc7_keLcQ","w-REApiMkjw","https://twitter.com/tonyparker?lang=en",,
"105","Robert","Covington","2490620","covington_s.jpg","h3nfmSUwYeE","q07NiYqvGJQ","https://twitter.com/Holla_At_Rob33",,
"106","Joe","Johnson","1007","joejohnson.jpg","00Cp3fOQRpY","7Vi2d6Abe1E","https://twitter.com/joejohnsonice?lang=en",,
"107","Luol","Deng","2429","luoldeng.jpg","36ufqTAMz_4","yiItoGQ8RS4","https://twitter.com/luoldeng9?lang=en",,
"108","Omri","Casspi","3554","omri.jpg","ahPH9QHQnLc","h8utiC5zv8c","https://twitter.com/casspi18?lang=en",,
"109","Rajon","Rondo","3026","rondo_dribble_0.jpg","zHFwwwle-qw","GER6dEoB3Lc","https://twitter.com/rajonrondo?lang=en",,
"110","Jeremy","Lin","4299","jeremylin2.jpg","rkZEYy5bzGo","wRXTOXLtd3I","https://twitter.com/JLin7",,
"111","Otto","Porter","2594922","otto.jpg","hrZHxbOOr-0","uJGEiQ3aKoM","https://twitter.com/ottoporter?lang=en",,
"112","DeMarre","Carroll","3970","demarre-carroll-wt.jpg","GI_RQGVfDsM","-_9DTsRBtiM","https://twitter.com/DeMarreCarroll1",,
"113","Al","Jefferson","2389","Al-Jefferson.png","c9UTvilMuQg","FZWDHYG7ouI","https://twitter.com/aljefferson25?lang=en",,
"114","Jeff","Green","3209","jeffgreen.jpg","pWCJNeohoDI","T4OTLpFD9jw","https://twitter.com/unclejeffgreen?lang=en",,
"115","Julius","Randle","3064514","randle-julius.jpg","x54YllMuGMM","91xM5-crt0g","https://twitter.com/j30_randle?lang=en",,
"116","Marvin","Williams","2797","marvinwilliams.jpg","piajGoPiEQs","kSWayhQvh00","https://twitter.com/hornets",,
"117","C.J.","Miles","2778","cj-miles-trade.jpg","KQqAfSKrZB0","6wjLzh1wBvk","https://twitter.com/masfresco",,
"118","Kent","Bazemore","6637","bazemore.jpg","uOmpr_hy85I","DueryVR5O2M","https://twitter.com/24Bazemore",,
"119","Michael","Carter-Williams","2596108","michael-carter-williams.jpg","nlY88uNHZkc","RaIsGmyPG2w","https://twitter.com/mcw1?lang=en",,
"120","Markieff","Morris","6461","markieff.jpg","pUfHWMDYrYc","QBrEa3qqmPQ","https://twitter.com/kansastwin21?lang=en",,
"121","Dennis","Schroder","3032979","dennis-schroder.jpg","3ym8dKsbdco","S_j2Ka_jXlg","https://twitter.com/okcthunder?lang=en",,
"122","Harrison","Barnes","6578","harrisonbarnes.jpg","bhLNGyS7EOg","9RVVhs4S2t8","https://twitter.com/hbarnes",,
"123","Mirza","Teletovic","4385","teletovic.jpg","7TVNabn1U0M","WBC3YIfZ5-E","https://twitter.com/teletovic33?lang=en",,
"124","Nerlens","Noel","2991280","nerlens.jpg","z8oZqVJ1YQw","Mp4J44hoggE","https://twitter.com/nerlensnoel3?lang=en",,
"125","Bojan","Bogdanovic","3037789","bojanbogdanovic.jpg","CJuZuScXOEE","sYMkyz9zs4g","https://twitter.com/44bojan?lang=en",,
"126","T.J.","Warren","2982334","tj-warren-suns.jpg","qRid3LcvtI4","6TyRsW7WonA","https://twitter.com/TonyWarrenJr",,
"127","Elfrid","Payton","2583639","payton.jpg","cGHwNUKeT5c","KkxpUtl6K0o","https://twitter.com/elfrid",,
"128","Isaiah","Canaan","2490589","isaiah-canaan_h.jpg","oaMyTjEeUJQ","5SG3IwjkNHo","https://twitter.com/SiP03",,
"129","Ricky","Rubio","4011","rickyrubio.jpg","KBevyRqn4mU","CNdzyj6rnJI","https://twitter.com/rickyrubio9",,
"130","Nikola","Mirotic","6459","mirotic.jpg","ft7gZXCUqmY","kvERMFa9FOM","https://twitter.com/threekola",,
"131","Jerryd","Bayless","3417","bayless.jpg","75-09b8Ngvw","lB56ni4N1bM","https://twitter.com/jerrydbayless",,
"132","Norris","Cole","6431","norris-cole-vs-raps.jpg","ksecqE8kdUA","4TjAjMZz7_o","https://twitter.com/pg30_cole?lang=en",,
"133","Trey","Burke","2579260","treyburke.jpg","nNSKTzj5t08","hOn7e66V7Ow","https://twitter.com/treyburke?lang=en",,
"134","Myles","Turner","3133628","myles-turner-reacts-0107.jpg","cwtuhKslpZM","Vu1W32KD3_U","https://twitter.com/Original_Turner",,
"135","Ersan","Ilyasova","2767","ersan.jpg","jM5EvcBwSwU","SOvVYbOe7hE","https://twitter.com/ersova7?lang=en",,
"136","Jared","Sullinger","6624","jared-sullinger.jpg","HEQLnxRBtbg","c_T1CbGYl7c","https://twitter.com/Jared_Sully0",,
"137","Mario","Chalmers","3419","chalmers.jpg","pDvbTrE8VBo","oxFz0kJ0j7Y","https://twitter.com/mchalmers15?lang=en",,
"138","Allen","Crabbe","2531210","crabbe.jpg","sOSdfyOF4G4","8EyGECRm6PA","https://twitter.com/allencrabbe?lang=en",,
"139","Marco","Belinelli","3190","Marco-Belinelli-Spurs.jpg","5TqYwlv4h9w","9Fw0H4TvS2M","https://twitter.com/marcobelinelli?lang=en",,
"140","J.J.","Barea","3055","barea.jpg","3W_Z_8UH-qE","eRQPbQaQEn8","https://twitter.com/jjbareapr?lang=en",,
"141","Evan","Turner","4239","evanturner.jpg","AyAq19dBuPo","IchJGMBl-WA","https://twitter.com/thekidet",,
"142","Robin","Lopez","3447","robinlopez.jpg","LVWRWRlKoCA","011vQXENoIA","https://twitter.com/rolopez42?lang=en",,
"143","Gorgui","Dieng","2534781","dieng.jpg","BlOjMv-XGx8","gzyr-SZPMbg","https://twitter.com/GorguiDieng",,
"144","Kelly","Olynyk","2489663","olynyk.jpg","FL2aqEYEflE","FwesuQPebAs","https://twitter.com/kellyolynyk?lang=en",,
"145","Jordan","Farmar","3002","farmarlrg.jpg","ipkzk1_mXWQ","d9aUle_PI-I","https://twitter.com/jrfarmar?lang=en",,
"146","Nikola","Jokic","3112335","Jokic.jpg","4YP_Qkd-Ne0","ELD1qHoCIOk","https://twitter.com/njokic15?lang=en",,
"147","Al-Farouq","Aminu","4248","aminu.jpg","wWEfVrvs7Y4","_21YspHuJJY","https://twitter.com/farouq1?lang=en",,
"148","Shabazz","Muhammad","2993875","shabazz.jpg","DpX7ktCCBJo","MxqosO1SqtU","https://twitter.com/shabazzmuhammad?lang=en",,
"149","Courtney","Lee","3445","Courtney-Lee-927.jpg","EHaM_RzNd0s","oKdqwr9_OUQ","https://twitter.com/courtneylee5?lang=en",,
"150","Marcus","Thornton","4017","marcusthornton.jpg","eEwVoRXn1nI","pbD5c7BKGoo","https://twitter.com/M3Thornton",,
"151","Gary","Neal","4300","garyneal.jpg","QlT_ZfOMpXY","Ao3zFsSi91Y","https://twitter.com/spurs",,
"152","Matt","Barnes","1765","mattbarnes.jpg","PHhZnGDA9fY","oyafxuz3cks","https://twitter.com/Matt_Barnes22",,
"153","Hollis","Thompson","6634","hollisthompson.jpg","hTwqfqgNdbw","jEqbvp0HWfw","https://twitter.com/htdahot_twitta?lang=en",,
"154","Kevin","Martin","2394","kevinmartin.jpg","erIAabX0pVA","a3Ko8o93i0Q","https://twitter.com/realkevinmartin?lang=en",,
"155","Dion","Waiters","6628","dionwaiters.jpg","c83ufGmcxqc","IEYSeF92NUA","https://twitter.com/dionwaiters3?lang=en",,
"156","Sean","Kilpatrick","2488689","seankilpatrick.jpg","RO-sKI3NWLk","K8Wx2sYtkMg","https://twitter.com/seankilpatrick?lang=en",,
"157","Patrick","Beverley","3964","patrick-beverly.jpg","s_Yth4RCOLk","k4LLYSuNiEA","https://twitter.com/patbev21?lang=en",,
"158","Manu","Ginobili","272","manu-ginobili.jpg","AJUhzQEPCvE","PcqgOihr-k8","https://twitter.com/manuginobili",,
"159","Doug","McDermott","2528588","mcdermott.jpg","Jok7Y_YIkdQ","6GGctIljHMM","https://twitter.com/dougmcdermott?lang=en",,
"160","Ramon","Sessions","3231","sessions.jpg","zgyxgZgqgJw","O5N6uWehFtM","https://twitter.com/ramonssessions?lang=en",,
"161","Kyle","Korver","2011","korver.jpg","WZwbp2nNFhY","Jcr6yuzgcts","https://twitter.com/kylekorver?lang=en",,
"162","Terrence","Ross","6619","terrence_ross.jpg","jTXDCyxULrA","UR_fO0j1QMo","https://twitter.com/TFlight31",,
"163","Raymond","Felton","2753","raymond-felton_437.jpg","OmUDx4efuAk","Enf4PBVoNyA","https://twitter.com/rfeltongbms?lang=en",,
"164","Marcus","Smart","2990992","smart-marcus.jpg","HwYYzm0r5Rs","CGGjhQx9Tfo","https://twitter.com/smart_ms3?lang=en",,
"165","Jeremy","Lamb","6603","Jeremy_Lamb.jpg","MuhxVaI0_XQ","ieWOXkXPzCc","https://twitter.com/jlamb",,
"166","Rudy","Gobert","3032976","rudy.gobert.jpg","GWVYRKUkH14","B750upT3Wms","https://twitter.com/rudygobert27",,
"167","Jerami","Grant","2991070","jeramigrant.jpg","B9hWdkGSQ3Q","Ez4r4HJ_TYs","https://twitter.com/jeramigrant?lang=en",,
"168","Jordan","Hill","3994","jordanhill.jpg","5jL0shritEo","xQN6LHiji7w","https://twitter.com/Timberwolves?lang=en",,
"169","Ian","Mahinmi","2774","mahinmi.jpg","AM5FD6kZO4M","QUC47XVcfIQ","https://twitter.com/ianmahinmi?lang=en",,
"170","Luis","Scola","1781","scola.jpg","-QzPpXzSRm8","Xbo4ER92K7k","https://twitter.com/lscola4?lang=en T",,
"171","Zaza","Pachulia","2016","zaza-pachulia-home-iso.jpg","jKyiceq2Jgs","3hF2XayfC8A","https://twitter.com/zaza27?lang=en",,
"172","Alex","Len","2596107","alexlen.jpg","3UIHxVcwXXo","UT2vjPQ6JsA","https://twitter.com/alexlen?lang=en",,
"173","Rodney","Stuckey","3235","stuckey.jpg","djobkb08n9I","Jr7BnsgAOyw","https://twitter.com/rodneystuckeyp3?lang=en",,
"174","Mason","Plumlee","2488653","masonplumlee.jpg","QK19EMOb1Ts","jBVhp00Jf_c","https://twitter.com/masonplumlee?lang=en",,
"175","Carl","Landry","3217","carllandry.jpg","EqPN3mdx9sw","FQODmUBpMhA","https://twitter.com/carllandry?lang=en",,
"176","Mo","Williams","2178","Mo_Williams_Cavs.jpg","PjSD7rJzoxc","7qkXsDEb3_0","https://twitter.com/mowilliams",,
"177","Aaron","Gordon","3064290","aarongordon_dribble.jpg","fgUbR6Q8V2I","xRg1cFAqtsI","https://twitter.com/Double0AG",,
"178","Patty","Mills","4004","pattymills.jpg","nn6YOgHwbYk","zr0-kOv680U","https://twitter.com/Patty_Mills",,
"179","Derrick","Williams","6480","derrickwilliams.jpg","oMhUCgQ_r2k","OaU74dhy14U","https://twitter.com/dwxxiii",,
"180","Archie","Goodwin","2991281","goodwin.jpg","GAzIGqzdVPo","H2MAf1F_Ttc","https://twitter.com/a1laflare10?lang=en",,
"181","Gerald","Green","2761","gerald green.jpg","_1Th0ASIr1Q","Ombp8wWCqTM","https://twitter.com/ggreenjr25?lang=en",,
"182","Cody","Zeller","2579258","cody-zeller.jpg","ZglWt6Ex3b4","rcqavYIvwWQ","https://twitter.com/CodyZeller",,
"183","Terrence","Jones","6597","terrencejones.jpg","Kmf4-W1JZ-4","dbLlZ_gMXvY","https://twitter.com/terrencejones1?lang=en",,
"184","Tyler","Johnson","2530276","tyler_johnson_heat_.jpg","0-TkyAQ1Wb8","EKYmU_YkT88","https://twitter.com/realtjohnson?lang=en",,
"185","Nene","Hilario","1713","nenehilario.jpg","5ffRN19gsSA","kjTnyK71QCg","https://twitter.com/nenehilario42?lang=en",,
"186","Taj","Gibson","3986","Taj-Gibson.jpg","I6OCqY_8AX4","1Hco8TdCBag","https://twitter.com/tajgibson22?lang=en",,
"187","Cory","Joseph","6446","coryjoseph.jpg","eO69vDjnTHc","bkpLa2EUk4U","https://twitter.com/cory_joe?lang=en",,
"188","Tim","Duncan","215","duncan.JPG","UZc3uq56JKU","WaaJKmboQiw","https://twitter.com/timslamduncan?lang=en",,
"189","Jon","Leuer","6452","jonleuer.jpg","1wwktksE-_w","EyLnzJn7-nU","https://twitter.com/jonleuer30?lang=en",,
"190","Gerald","Henderson","3993","geraldhenderson.jpg","m09mqqUMDHg","aNXDnu7rCn0","https://twitter.com/g_hender09?lang=en",,
"191","Stanley","Johnson","3134881","stanleyjohnson.jpg","0IsB1iYmM94","Xjvm19URVZI","https://twitter.com/StanleyPJohnson",,
"192","Austin","Rivers","6617","rivers-austin.jpg","wPQUUUf3WWA","UtnTbOzNLt0","https://twitter.com/austinrivers25?lang=en",,
"193","Tony","Wroten","6630","tonywroten.jpg","WS_e8ba7L8Y","KcyH-xlPnF8","https://twitter.com/TWroten_LOE",,
"194","Meyers","Leonard","6605","meyers.jpg","q0OzAaonkS4","64NjPXdxNDU","https://twitter.com/MeyersLeonard11",,
"195","David","Lee","2772","davidlee.jpg","XcZcdcZWpSI","OWLZHZiKY9o","https://twitter.com/dlee042",,
"196","Lance","Thomas","6485","lancethomas.jpg","392EMoXcUDM","99BRnebDatk","https://twitter.com/mrlance42?lang=en",,
"197","Tony","Allen","2367","tonyallen.jpg","kYXEgmo2_-Y","K4FUWEd0NkM","https://twitter.com/aa000g9?lang=en",,
"198","Jared","Dudley","3201","dudley.jpg","NdwP_ifQo0I","hvXAt1lZ3lQ","https://twitter.com/JaredDudley619",,
"199","Nik","Stauskas","2991042","nik-stauskas.jpg","yuH5mqHKIUk","vKYS4fzlsus","https://twitter.com/nstauskas11?lang=en",,
"200","Jordan","Hamilton","6436","jordan-hamilton.jpg","cz6WOKVcZqk","lP_Xfn2B2kc","https://twitter.com/j_goin_ham?lang=en",,
"201","Matthew","Dellavedova","2489716","matthew-dellavedova.jpg","0aRR_PGkMKE","lWOdt_n2PrM","https://twitter.com/matthewdelly",,
"202","Tristan","Thompson","6474","tristan-thompson.jpg","tV1QM1i98lo","sfN37VDlkRQ","https://twitter.com/realtristan13?lang=en",,
"203","Mike","Dunleavy","1708","dunleavy.jpg","C7ljXhL7UFI","EsmwYWtUoK0","https://twitter.com/mikedunleavyjr?lang=en",,
"204","O.J.","Mayo","3450","oj-mayo-bucks.jpg","YeBCLHhPHec","ecdHWA365Xk","https://twitter.com/juicemayo3?lang=en",,
"205","Lance","Stephenson","4244","lancestephenson.jpg","JoLngrGXcJE","IQF5oAiZNaU","https://twitter.com/stephensonlance?lang=en",,
"206","Steven","Adams","2991235","stevenadmas.jpg","rx4T37Q8Tg0","7abXAOeQtS8","https://twitter.com/realstevenadams?lang=en",,
"207","Shelvin","Mack","6454","mack.jpg","OLGSkF94pnQ","CqRGj_vb66Y","https://twitter.com/ShelvinMack",,
"208","Jusuf","Nurkic","3102530","nurkic.jpg","znfp8EL-6io","td5SCV8Gfmo","https://twitter.com/bosnianbeast27",,
"209","Jameer","Nelson","2439","jameer.jpg","HyWnjchI0z4","E9Oy9W22rUA","https://twitter.com/jameernelson",,
"210","Jose","Calderon","2806","jose-calderon-getty.jpg","q9DOWYz2fDA","a3YVlBDTA5I","https://twitter.com/JmCalderon",,
"211","Corey","Brewer","3191","coreybrewer.jpg","vC1srGqOrK4","wKyBvkBAqNk","https://twitter.com/thecoreybrewer?lang=en",,
"212","Wayne","Ellington","3981","wayneellignton.jpg","9eIGHuVdQu4","zI5jBrU8UyU","https://twitter.com/wayneelli22?lang=en",,
"213","Langston","Galloway","2530572","galloway.jpg","kiDNr_pc_Ow","Pfc4OUgAKcQ","https://twitter.com/LangGalloway10",,
"214","Joffrey","Lauvergne","2959753","joffrey.jpg","fvT_UgEHyx4","lRwNbJPBkZU","https://twitter.com/1JOLOLO",,
"215","E'Twaun","Moore","6460","etwaun.jpg","lfhDF0e2PKk","ran3X0sj65U","https://twitter.com/ETwaun55",,
"216","D.J.","Augustin","3415","DJ_Augustin_Magic.jpg","2y7D7jztvtQ","IPqXuwhImzg","https://twitter.com/dj_augustin14?lang=en",,
"217","Festus","Ezeli","6587","ezeli.jpg","DGxSu7TYdfk","q953N5c3Loc","https://twitter.com/festus?lang=en",,
"218","Ben","McLemore","2578213","mclemore.jpg","4MOXZIIrwKs","eEs7nBvEWCM","https://twitter.com/BenMcLemore",,
"219","Garrett","Temple","4023","garrett_1.jpg","L0Ku8QkUGTM","YGQeqGjw9jo","https://twitter.com/gtemp17?lang=en",,
"220","Toney","Douglas","3979","toneydouglas.jpg","LtbkCuX76sg","HrbGz4s4la4","https://twitter.com/thetoneydouglas",,
"221","Nick","Young","3243","nick-young.jpg","516H67I5O7o","G4wi1Zt6c-o","https://twitter.com/NickSwagyPYoung",,
"222","Devin","Harris","2382","devinharris.jpg","tRKahOOOSho","8V-X2e4RAHE","https://twitter.com/dev34harris?lang=en",,
"223","Darrell","Arthur","3413","darrellarthur.jpg","e9yHGphEJ-0","Kl197dS0q90","https://twitter.com/darrellarthur00?lang=en",,
"224","P.J.","Tucker","3033","pj-tucker-nba.jpg","vn_3gco6nqI","TBUu6Wk5wUM","https://twitter.com/HoustonRockets?lang=en",,
"225","Danny","Green","3988","dannygreen.jpg","4tNqGUQEZKU","j3JSWmM8F9E","https://twitter.com/DGreen_14",,
"226","Andre","Iguodala","2386","iguodala-andre.jpg","MyvJSfbV25k","b0VfvI2-frI","https://twitter.com/andre",,
"227","Marreese","Speights","3460","marreese.jpg","R8FxEEjiJGk","qv8bOZeIG_I","https://twitter.com/Mospeights16",,
"228","Frank","Kaminsky","2579294","frank-kaminsky-0.jpg","McHR2xckgCA","kcRFxCPM9f0","https://twitter.com/FSKPart3",,
"229","Jason","Smith","3232","jasonsmith.jpg","ozjUeVJKdPY","eYVbQJ4RHTA","https://twitter.com/jasonsmith929?lang=en",,
"230","Brandon","Bass","2745","30-brandon-bass.jpg","YP4btVUpXU4","DJH9W0DkyNM","https://twitter.com/bestbetbass?lang=en",,
"231","Aaron","Brooks","3192","aaronbrooks.jpg","1AwY2cGiv6A","XKERoNJ-38I","https://twitter.com/thirty2zero?lang=en",,
"232","Amir","Johnson","2769","amirjohnson.jpg","LAo0lRfoGMA","vKut0LDPsUA","https://twitter.com/iamamirjohnson?lang=en",,
"233","JaMychal","Green","2327577","jamychal.jpg","zIWUP8Gp2yo","hPPC8oZxlRo","https://twitter.com/jmyke1?lang=en",,
"234","Brandon","Jennings","3997","Brandon-Jennings.jpg","hs6boOtjGGM","FH1cUTI1440","https://twitter.com/brand0njennings?lang=en",,
"235","Greivis","Vasquez","4291","vasquez.jpg","de3ATHjLSeE","Z6Y13G2-YSo","https://twitter.com/greivisvasquez?lang=en",,
"236","John","Henson","6592","john-henson1.jpg","o3lrYHbNrRo","2KOmqcvM17w","https://twitter.com/Johnhenson31",,
"237","Shane","Larkin","2596158","shane-larkin.jpg","QUB4JTFtpd4","HpENRFtupk0","https://twitter.com/shanelarkin_3?lang=en",,
"238","Patrick","Patterson","4264","patrick-patterson.jpg","ITcuNUirJKo","0ONpC1_NSJU","https://twitter.com/P2",,
"239","Kris","Humphries","2433","krishumphries.jpg","kK5rf4RifLE","ASf6iBN53P0","https://twitter.com/krishumphries?lang=en",,
"240","Clint","Capela","3102529","capela.jpg","nzeEkeLWTaY","zgNUBslq3qA","https://twitter.com/CapelaClint",,
"241","Bobby","Portis","3064482","portis.jpg","xdfMeuRuAWA","6qICHEJBkdI","https://twitter.com/BPortistime",,
"242","Donald","Sloan","4303","Donald-Sloan.jpg","sow4KNdWz9A","U8b75VBiTzY","https://twitter.com/dsloan15",,
"243","Brandan","Wright","3242","brandan-wright.jpg","Up-9KHdcyhU","_bHvZILYtDQ","https://twitter.com/bwright34?lang=en",,
"244","David","West","2177","david-west.jpg","eWAXzRVSJEI","vEx75gjn9J8","https://twitter.com/D_West30",,
"245","Willie","Cauley-Stein","2991282","cauley_stein_main.jpg","YvdH75c2NJI","R4BfY4vpnfc","https://twitter.com/THEwillieCS15",,
"246","Wesley","Johnson","4247","wesleyjohnson.jpg","yrjWseovjXw","DoZP_67_KMc","https://twitter.com/wesjohnsonvoice?lang=en",,
"247","Thabo","Sefolosha","3028","thabo.jpg","kh_5aE6y-tY","2jG3aw33s04","https://twitter.com/thabosefolosha?lang=en",,
"248","Ed","Davis","4259","eddavis.jpg","eLygfdQWJ9s","6JAVTKr0ybc","https://twitter.com/eddavisxvii?lang=en",,
"249","Andrea","Bargnani","2987","andrea_bargnani.jpg","IFiNZorHx1c","t7s_nmiH1F8","https://twitter.com/bargnanifanpg?lang=en",,
"250","Andrew","Goudelock","6435","goudelock.jpg","YbLYUrKljYg","b64GEqHNKoo","https://twitter.com/0goudelock?lang=en",,
"251","Leandro","Barbosa","2166","Leandro-Barbosa.jpg","H-yLo4dkm80","_f9ibthgJiQ","https://twitter.com/TheBlurBarbosa",,
"252","Justise","Winslow","3135047","justisewinslow.jpg","KEZVi--Z96c","Mlzc6-znmv4","https://twitter.com/iamjustise?lang=en",,
"253","Donatas","Motiejunas","6464","donatas.jpg","P6ktlMOsdjM","-JrmjdOPuWc","https://twitter.com/DonatasMot",,
"254","Kosta","Koufos","3444","kosta.jpg","sGL7xkrPHqg","b_uMOzxhRK4","https://twitter.com/kostakoufos",,
"255","Tyson","Chandler","984","tyson-chandler-iso-suns.jpg","mf7Mlxp4KjQ","b4n_7RKedmQ","https://twitter.com/tysonchandler?lang=en",,
"256","Timofey","Mozgov","4298","timofey.jpg","z8rybJeyG_s","aA0YSfGYmhg","https://twitter.com/mozgovtimofey?lang=en",,
"257","Boris","Diaw","2167","diaw.jpg","x9p5xr6rnsc","igO8MS9E8Ww","https://twitter.com/theborisdiaw",,
"258","Josh","Richardson","2581190","joshrichardson.jpg","WHP7B3FCO54","korvGJ4JuXw","https://twitter.com/J_Rich1",,
"259","Andrew","Nicholson","6614","andrewnicholson.jpg","uhsUSACT_Bo","IlhzqxJa0OE","https://twitter.com/nicholaf44?lang=en",,
"260","T.J.","McConnell","2530530","tjmcconnell.jpg","5Av1A1evHWo","OajnMnjCU_w","https://twitter.com/tjmcconnell?lang=en",,
"261","Aron","Baynes","2968439","aronbaynes.jpg","0pCjIfuHOvo","_UJc_YRYssA","https://twitter.com/aronbaynes?lang=en",,
"262","P.J.","Hairston","2594816","hairston.jpg","9HRybgvM0rQ","WEqMA8_1NPI","https://twitter.com/hairston_pj?lang=en",,
"263","Mike","Scott","6622","mikescott.jpg","jKQhtfxSRmU","ziErkfcyqLA","https://twitter.com/mikescott?lang=en",,
"264","Dwight","Powell","2531367","dwightpowell.jpg","AvJVlwfa4Jk","rEyLPCC-d30","https://twitter.com/dwightpowell33?lang=en",,
"265","Raul","Neto","2968361","raulneto.jpg","y_x1khyg-ik","1FLpzyM4WnE","https://twitter.com/raultogni?lang=en",,
"266","Roy","Hibbert","3436","royhibbert.jpg","PFfxJp43OTc","dmxl6F3fQbw","https://twitter.com/roy_meets_world?lang=en",,
"267","J.J.","Hickson","3437","jj-hickson-kings-2012-ap.jpg","jXxdFUdJfGE","nuxy9tK4Jpc","https://twitter.com/hickson21?lang=en",,
"268","Shaun","Livingston","2393","shaun-livingston.jpg","MHFs4a-Bb-c","2M5I4yw02kk","https://twitter.com/ShaunLivingston",,
"269","Tyler","Zeller","6631","tylerzeller.jpg","N-Ibpkylw6o","KYoQkaaoOzE","https://twitter.com/zellertyler?lang=en",,
"270","Tim","Hardaway Jr.","2528210","hardaway1.jpg","FxOGA7qiWxE","KisjrjZyLzY","https://twitter.com/T_HardJR",,
"271","Spencer","Hawes","3211","Spencer_Hawes_76ers.jpg","9H1AyBpEZ1E","C5ShyaMxrQI","https://twitter.com/spencerhawes00",,
"272","Alan","Anderson","6569","alananderson.png","U9RbTsd-yQU","97-Rw7F2ONQ","https://twitter.com/asqared06?lang=en",,
"273","Vince","Carter","136","vincecarter.jpg","BrOrCX2JrgI","fuS_fh9sLXI","https://twitter.com/mrvincecarter15?lang=en",,
"274","Amar'e","Stoudemire","1727","amare.jpg","yOpshoTiFmY","cKw4D98nHlw","https://twitter.com/amareisreal?lang=en",,
"275","Jason","Terry","841","Jason-Terry.jpg","lpUZCdaF7t8","XfAab0vmZcA","https://twitter.com/jasonterry31?lang=en",,
"276","Maurice","Harkless","6591","harkless.jpg","4Tc4eaQ8RQM","IEsmfrOyHE0","https://twitter.com/moe_harkless?lang=en",,
"277","Josh","Smith","2411","joshsmith.jpg","Pt7rmAZ4ImM","PhR39mqoVc8","https://twitter.com/realjoshsmith5?lang=en",,
"278","Trevor","Booker","4270","booker.jpg","xDgkY6uqHNY","lCIAgDLRDgY","https://twitter.com/35_fitz?lang=en",,
"279","Jonathon","Simmons","2579466","jonathan-simmons.jpg","8J9VF5lFyfg","77xl_bw66G8","https://twitter.com/tharealjsimms?lang=en",,
"280","Channing","Frye","2754","frye-channing.jpg","RIj6hCvZFcA","PjilRTGgck4","https://twitter.com/channing_frye?lang=en",,
"281","Paul","Pierce","662","paul-pierce.jpg","lh0YxMd3FfU","Vjm4wwqrKFA","https://twitter.com/paulpierce34",,
"282","Randy","Foye","3003","foye.jpg","pLpeAPyeovI","LQ54zc7_8kc","https://twitter.com/randyfoye?lang=en",,
"283","Mario","Hezonja","2995706","Mario_Hezonja.0.0.0.0.jpg","J8hGBqYgq3A","_4re6zUaeKU","https://twitter.com/mariohezonja?lang=en",,
"284","Ty","Lawson","4000","tylawson.jpg","zwXMCxfyOsw","XwMKn9vn3UY","https://twitter.com/tylawson3?lang=en",,
"285","Richard","Jefferson","1006","richardjefferson.jpg","PAF7cywh0N0","ZONjzJ4wIn0","https://twitter.com/cavs",,
"286","Larry","Nance Jr.","2580365","larrynance.jpg","fMkEQCimaTs","nrfInTz4h-g","https://twitter.com/Larrydn22",,
"287","Bismack","Biyombo","6427","biyombo.jpg","nGHAJRYdJiE","M4Q1yrVo1o0","https://twitter.com/bismackbiyombo",,
"288","Bryce","Dejean-Jones","2991475","bryce-dejean-jones.jpg","2Hn_FvIXk-o","GEFGYig6K0k","https://twitter.com/b2nyce?lang=en",,
"289","Richaun","Holmes","2993370","richaun_3.jpg","Jo7vT99RckM","pyF8ANIoM34","https://twitter.com/Rich_Holmes22",,
"290","Tiago","Splitter","3233","Tiago-Splitter.jpg","vHRdM2FFQUs","Z4Mh9GJ4PcM","https://twitter.com/tiagosplitter",,
"291","Iman","Shumpert","6468","iman-shumpert.jpg","vUBx_eet87A","NkQ6INANSjI","https://twitter.com/imanshumpert",,
"292","Andrew","Bogut","2747","bogut.jpg","JPl7xW1sOOM","wBT8z_Nzegg","https://twitter.com/andrewbogut",,
"293","Trey","Lyles","3136196","lyles.jpg","whmboad-QtE","XWr6bXw98rY","https://twitter.com/treylyles?lang=en",,
"294","Dante","Cunningham","3974","dante-cunningham.jpg","AzBHyNdyj0Y","N7rF9hq17VE","https://twitter.com/dlamarc33?lang=en",,
"295","Anthony","Morrow","3474","anthony-morrow.jpg","foicA8elBbc","RSEg4MOlJtE","https://twitter.com/mranthonymorrow?lang=en",,
"296","Rondae","Hollis-Jefferson","3064291","rondae-hollis-jefferson.jpg","CQjDf4majgM","tq06Cfhvr-A","https://twitter.com/iamchap24?lang=en",,
"297","Anthony","Tolliver","3276","anthonytolliver.jpg","lQL9I0GkhWg","RTjNqtz7thY","https://twitter.com/atolliver44?lang=en",,
"298","Lavoy","Allen","6424","lavoyallen.jpg","--i0ENWbJS8","Qq425rYeLRg","https://twitter.com/chefvoyardee?lang=en",,
"299","Luke","Babbitt","4250","babbitt.jpg","nVm09g_zn30","CZRtG9OXmiI","https://twitter.com/realbabbitt08?lang=en",,
"300","Charlie","Villanueva","2792","charlie-villanueva.jpg","T3La4-F7Mp8","_r8ziWMNnAA","https://twitter.com/CVBelieve",,
"301","JaVale","McGee","3452","javale.jpg","UjRGyGJIdSY","sjIHb3l10YQ","https://twitter.com/javalemcgee?lang=en",,
"302","Ronnie","Price","2807","priceR.jpg","7UKiLp92QzQ","efpadjkIcz4","https://twitter.com/Suns?lang=en",,
"303","Jarell","Martin","3064517","jarellmartin2.jpg","SXxTSZcUoac","05pwHx9GQr4","https://twitter.com/martinjarell?lang=en",,
"304","Boban","Marjanovic","4376","boban.jpg","NbN_2lHpjUU","4x-uU-2VCJg","https://twitter.com/bobanmarjanovic?lang=en",,
"305","Troy","Daniels","2489530","daniels.jpg","2YjPE9eTK1Q","X9iO5A-vn_k","https://twitter.com/troydaniels",,
"306","Tony","Snell","2528353","tonysnell.jpg","DjYvBBeETNM","HcMSe27BASg","https://twitter.com/tonysnell21_?lang=en",,
"307","Seth","Curry","2326307","sethcurry.jpg","ltK6mPULgLE","Y9a5XeX0YfY","https://twitter.com/sdotcurry?lang=en",,
"308","Markel","Brown","2530750","markel.jpg","hSXkwsV-91o","x87pHZpGRuc","https://twitter.com/imarkelbrown22?lang=en",,
"309","James","Johnson","3999","James-Johnson.jpg","s_rKhCOu3tE","lFBzJKny2B4","https://twitter.com/iamjj16?lang=en",,
"310","Jakarr","Sampson","2608891","jakarr.jpg","6pi_Pc7Xtno","jS_UgMiY8pM","https://twitter.com/karrsampson14?lang=en",,
"311","Cole","Aldrich","4267","aldrich.jpg","5wkcunbTdKU","nIYyVuQukDA","https://twitter.com/colea45",,
"312","Alexis","Ajinca","3410","alexisajinca.jpg","M0baeQPfzew","0KVTX_lMHBY","https://twitter.com/ajincaalexis42?lang=en",,
"313","Jerian","Grant","2531047","jeriangrant.jpg","bf5qEnqTtNk","5IODhKTPHwg","https://twitter.com/jeriangrant?lang=en",,
"314","Cameron","Payne","3064230","cameronpayne.jpg","TZtXxBtIaaQ","yv_D1leALAM","https://twitter.com/campayne?lang=en",,
"315","Andre","Roberson","2530596","andre-roberson.jpg","thfYLgDvVoA","Hqun9OVYfO8","https://twitter.com/FlyDre21",,
"316","Briante","Weber","2595229","weber.jpg","xPr6gMW54WA","cZOsEW4rm7w","https://twitter.com/Sir_deuce2",,
"317","Beno","Udrih","2448","udrih.jpg","8RHkmTb6VN4","os_rhVqI3Ns","https://twitter.com/BenoUdrih1",,
"318","Quincy","Acy","6576","quincyacy.jpg","sKr_XxHrjkQ","mKAGRzXAz0U","https://twitter.com/quincyacy?lang=en",,
"319","Miles","Plumlee","6616","milesplumlee.jpg","_Gg01somfPM","nEBNKoDLNMg","https://twitter.com/miles_plumlee21?lang=en",,
"320","Willie","Reed","2326015","williereed.png","s4xKFsdCzd8","YbFOFVVo6pw","https://twitter.com/LAClippers?lang=en",,
"321","Henry","Sims","6647","henrysims.jpg","6KrqF9GpXnM","DJGlzqb65d4","https://twitter.com/henrysims17?lang=en",,
"322","Ryan","Kelly","2488651","kellyryan.jpg","ynQHDLoNEXc","MX_VRstHg2E","https://twitter.com/ryankelly34?lang=en",,
"323","Alonzo","Gee","4232","alonzo-gee.jpg","pQfPRU3Z9FU","dMTKgae3TWE","https://twitter.com/geealonzo?lang=en",,
"324","Brandon","Rush","3457","brandonrush.jpg","7S92jlL6a9g","ie8j_JvPWOo","https://twitter.com/brush_25?lang=en",,
"325","Nikola","Pekovic","3453","nikola-pekovic.jpg","5DK5Ua-lHJg","-UinmGvgv2w","https://twitter.com/Timberwolves?lang=en",,
"326","Kyle","O'Quinn","6615","kyleoquinn.jpg","Hvipev9sFJk","7wpC9bnHcIE","https://twitter.com/kyle_oquinn?lang=en",,
"327","Metta","World Peace","25","metta.jpg","l63DrYvrjRM","o0Jf6r_bjNc","https://twitter.com/mettaworldpeace?lang=en",,
"328","Jeff","Withey","2333797","Jeff_Withey_shot_2013-10-05.jpg","LvOdzNDX4VE","ChfRXMTdfrA","https://twitter.com/jeffwithey?lang=en",,
"329","Jonas","Jerebko","3998","jerebko.jpg","MP575LgxPJE","84e8f7qTbcQ","https://twitter.com/JonasJerebko",,
"330","Tyus","Jones","3135046","tyusjones.jpg","Ei850UdABiE","Cdrn6nKEVw8","https://twitter.com/1Tyus",,
"331","Spencer","Dinwiddie","2580782","spencerdinwiddie.jpg","4XF5fkuXJHk","YIfZdffV78c","https://twitter.com/SDinwiddie_25",,
"332","C.J.","Watson","3277","cjwatson.jpg","SF9pc98YebE","9DBfacFT2mE","https://twitter.com/quietstorm_32?lang=en",,
"333","Joakim","Noah","3224","Joakim-Noah.jpg","M9ZbfJFDR38","bD2aOq2FjKc","https://twitter.com/joakimnoah?lang=en",,
"334","Nemanja","Bjelica","4269","bjelica-3-6-2018.jpg","oaCZN_LGiow","1iAAJbJybm0","https://twitter.com/nemanjabjelica?lang=en",,
"335","Kyle","Anderson","2993874","Kyle-Anderson-3.jpg","MRxkobm87l8","zSQNGf8vf_Y","https://twitter.com/KyleAnderson5",,
"336","Chase","Budinger","3968","chasebudinger.jpg","rqltj7-3zQs","tuN8iK2bsF8","https://twitter.com/cbudinger?lang=en",,
"337","Marcelo","Huertas","2968363","marcelo-huertas.jpg","MzANwC-HMz4","GFiS9xDhEs8","https://twitter.com/Huertas09",,
"338","Steve","Blake","1994","steveblake.jpg","xktHueW4WA4","MXwQi0gLt1w","https://twitter.com/SteveBlake5",,
"339","John","Jenkins","6594","Joakim-Noah.jpg","dy-To4Lg2dY","Ui2exupLQ5A","https://twitter.com/JohnnyCashVU23",,
"340","Sasha","Vujacic","2421","vujacic.jpg","8ROV5A2kr_A","NB8datp2pQ0","https://twitter.com/SashaVujacic",,
"341","Darrun","Hilliard","2578259","darrunhilliard.jpg","30bqWKHCg7k","iI4IzAWyCt0","https://twitter.com/dhilliard6x?lang=en",,
"342","Joe","Ingles","2968436","joeingles.jpg","0zx62uW1VgQ","4lNFr1j_MEw","https://twitter.com/Joeingles7",,
"343","Elton","Brand","91","Elton_Brand_10.jpg","b2haxhaEriY","lpIB-YQ8HMY","https://twitter.com/eltonbrand2?lang=en",,
"344","Brian","Roberts","6641","brianroberts.jpg","xtVGjWZ0sT4","LSkQV28qbFg","https://twitter.com/hornets",,
"345","Anthony","Brown","2531362","anthonybrown.jpg","Kw83ZE1KhII","WXPTYfQY6U0","https://twitter.com/TwoShotOne",,
"346","Glenn","Robinson III","3082163","robinson-glenn.jpg","8VOqEZ2pDnY","bkmtZ2MArNs","https://twitter.com/GRIII",,
"347","Joe","Young","2528386","Joe-Young-1.jpg","E4n2AT-N3Ps","rTH3i79z1_s","https://twitter.com/JoeyBuckets3",,
"348","Ian","Clark","2489785","ianclark.jpg","4cI5DxiFnzk","AwH2iLuAY3M","https://twitter.com/IanClark",,
"349","Dewayne","Dedmon","2580913","dewaynededmon.jpg","cgRWZ8pZzVY","iM-8k838m-k","https://twitter.com/d_dedmon3?lang=en",,
"350","Chris","Andersen","1135","chrisandersen.jpg","ChbGYNWAavM","cnkQLvarFUo","https://twitter.com/birdmandersen?lang=en",,
"351","Omer","Asik","3414","omer.jpg",,,,,
"352","Kendall","Marshall","6607","kendallmarshall.jpg",,,,,
"353","Orlando","Johnson","6595","orlandojohnson.jpg",,,,,
"354","Tyler","Ennis","3059281","tylerennis.jpg",,,,,
"355","Kevin","Seraphin","4289","kevinseraphin.jpg",,,,,
"356","Noah","Vonleh","3078284","vonleh.jpg",,,,,
"357","Montrezl","Harrell","2991055","montrezl.jpg",,,,,
"358","Caron","Butler","1705","caronbutlerjpg.jpg",,,,,
"359","Salah","Mejri","2968458","salah-mejri.jpg",,,,,
"360","Ryan","Hollins","3008","ryanhollins.jpg",,,,,
"361","Shabazz","Napier","2530780","napier.jpg",,,,,
"362","Jordan","McRae","2531797","jordan-mcrae.jpg",,,,,
"363","Jordan","Adams","2993873","jordanadams.jpg",,,,,
"364","Andre","Miller","557","andre-miller.jpg",,,,,
"365","James","Jones","2009","illo-james-jones-.jpg",,,,,
"366","Norman","Powell","2595516","normanpowell.jpg",,,,,
"367","Josh","McRoberts","3220","joshmcroberts.jpg",,,,,
"368","Justin","Holiday","2284101","justinholiday.jpg",,,,,
"369","Christian","Wood","3058254","christianwood.jpg",,,,,
"370","Ray","McCallum","2528447","raymccallum.jpg",,,,,
"371","Kelly","Oubre Jr.","3133603","kellyoubre.jpg",,,,,
"372","Thomas","Robinson","6618","thomasrobinson.jpg",,,,,
"373","Phil","Pressey","2530722","phillpressey.jpg",,,,,
"374","Tim","Frazier","2488945","timfrazier.jpg",,,,,
"375","Justin","Anderson","2982340","justin-anderson.jpg",,,,,
"376","Robert","Sacre","6620","sacre.jpg",,,,,
"377","Kirk","Hinrich","1981","kirkhinrich.jpg",,,,,
"378","Kyle","Singler","6469","kyle-singler-iso-dribble.jpg",,,,,
"379","Mike","Muscala","2490089","muscala.jpg",,,,,
"380","Axel","Toupane","3037805","toupane.jpg",,,,,
"381","Kevin","Garnett","261","garnett.jpg",,,,,
"382","Solomon","Hill","2488958","SolomonHill_7.jpg",,,,,
"383","Josh","Huestis","2531364","joshhuestis.jpg",,,,,
"384","Chris","Kaman","1982","kamana.jpg",,,,,
"385","Tarik","Black","2528393","tarik-black-123014.jpg",,,,,
"386","Chris","Johnson","2325975","chris-johnson.jpg",,,,,
"387","Thanasis","Antetokounmpo","3102533","thanasis-antetokounmpo.jpg",,,,,
"388","James Michael","McAdoo","2594818","jamesmcadoo.jpg",,,,,
"389","Tayshaun","Prince","1724","prince-tayshawun01.jpg",,,,,
"390","Luc Richard","Mbah a Moute","3451","lucrichard.jpg",,,,,
"391","Chris","McCullough","3153165","mccullough.jpg",,,,,
"392","Xavier","Munford","2983512","Xavier-Munford.jpg",,,,,
"393","Alex","Stepheson","2232862","alexstephenson.jpg",,,,,
"394","Cory","Jefferson","2488845","coryjefferson.jpg",,,,,
"395","Jason","Thompson","3462","jasonthompson1.jpg",,,,,
"396","Greg","Smith","6530","gregsmith.jpg",,,,,
"397","Drew","Gooden","1711","drewgooden.jpg",,,,,
"398","Reggie","Bullock","2528779","bullock-reggie.jpg",,,,,
"399","Johnny","O'Bryant","2581084","johnnyobryant.jpg",,,,,
"400","Anderson","Varejao","2419","andersonvarejao.jpg",,,,,
"401","Rasual","Butler","1767","rasualbutler.png",,,,,
"402","Jared","Cunningham","6582","jaredcunningham.jpg",,,,,
"403","James","Anderson","4242","jamesAnderson.jpg",,,,,
"404","Matt","Bonner","1996","bonnerdunk.0.jpg",,,,,
"405","Kostas","Papanikolaou","4195","kostaspapa.jpg",,,,,
"406","Justin","Harper","6438","justinharper.jpg",,,,,
"407","Adreian","Payne","2531100","payne.jpg",,,,,
"408","Rashad","Vaughn","3137733","rashad.jpg",,,,,
"409","Lorenzo","Brown","2528787","lorenzobrown.jpg",,,,,
"410","R.J.","Hunter","2983727","rjhunter.jpg",,,,,
"411","Sonny","Weems","3467","weems.jpg",,,,,
"412","Jeremy","Evans","4295","jeremyevans.jpg",,,,,
"413","Steve","Novak","3018","stevenovak.jpg",,,,,
"414","Damjan","Rudez","2309097","damjanrudez.jpg",,,,,
"415","Tyler","Hansbrough","3991","tylerhansbrough.jpg",,,,,
"416","Lamar","Patterson","2488721","lamarpatterson.jpg",,,,,
"417","Alan","Williams","2579326","Alan-Williams-2.jpg",,,,,
"418","Walter","Tavares","3033031","tavareswalter.jpg",,,,,
"419","Sergey","Karasev","2959745","sergeykarasev.jpg",,,,,
"420","Pablo","Prigioni","4182","pabloprigioni.jpg",,,,,
"421","DeJuan","Blair","3965","dejuanblair.jpg",,,,,
"422","Nick","Collison","1978","nick-collison.jpg",,,,,
"423","Chris","Copeland","6635","chris-copeland.jpg",,,,,
"424","Lucas","Nogueira","3032980","lucasnogueira.jpg",,,,,
"425","Kendrick","Perkins","2018","perkins.jpg",,,,,
"426","Tibor","Pleiss","4284","tiborpleiss.jpg",,,,,
"427","Delon","Wright","3064447","delonwright.jpg",,,,,
"428","K.J.","McDaniels","2566741","kjmcdaniels.jpg",,,,,
"429","Chuck","Hayes","2834","chuckhayes.jpg",,,,,
"430","Jarell","Eddie","2528803","jarelleddie.jpg",,,,,
"431","Coty","Clarke","2991134","cotyclarke.jpg",,,,,
"432","Cameron","Bairstow","2528354","cameronbairstow.jpg",,,,,
"433","Louis","Amundson","3041","amundson.jpg",,,,,
"434","Luis","Montero","3911666","luismontero.jpg",,,,,
"435","Elijah","Millsap","4321","elijah.jpg",,,,,
"436","Kevon","Looney","3155535","kevonlooney.jpg",,,,,
"437","Terry","Rozier","3074752","terryrozier.jpg",,,,,
"438","Cristiano","Felicio","3113587","felicio-170706.jpg",,,,,
"439","Jorge","Gutierrez","2327449","jorgegutierrez.jpg",,,,,
"440","C.J.","Wilcox","2488999","wilcox_3.jpg",,,,,
"441","Elliot","Williams","4294","elliotwilliams.jpg",,,,,
"442","Damien","Inglis","3102534","damieninglis.jpg",,,,,
"443","Devyn","Marble","2527968","devinmarble.jpg",,,,,
"444","Anthony","Bennett","2991473","bennett.jpg",,,,,
"445","Nazr","Mohammed","568","nazr.jpg",,,,,
"446","Jimmer","Fredette","6434","fredette.jpg",,,,,
"447","Udonis","Haslem","2184","udonis.jpg",,,,,
"448","Russ","Smith","2531038","russ-smith.jpg",,,,,
"449","Erick","Green","2488684","erickgreen.jpg",,,,,
"450","Jordan","Mickey","3064520","jordanmickey.jpg",,,,,
"451","Jeff","Ayres","4008","jeffayres.jpg",,,,,
"452","Cliff","Alexander","3133600","cliff_alexander.0.0.jpg",,,,,
"453","Bryce","Cotton","2531054","brycecotton.jpg",,,,,
"454","Mitch","McGary","2991041","mcgary.jpg",,,,,
"455","Mike","Miller","558","mikemiller.jpg",,,,,
"456","James","Ennis","2579321","jamesennis.jpg",,,,,
"457","Keith","Appling","2531097","keithappling.jpg",,,,,
"458","James","Young","3064509","jamesyoung.jpg",,,,,
"459","Pat","Connaughton","2578239","patconnaughton.jpg",,,,,
"460","Jarnell","Stokes","2614962","jarnellstokes.jpg",,,,,
"461","Jodie","Meeks","4003","meeks.jpg",,,,,
"462","Sasha","Kaun","3443","sashakaun.jpg",,,,,
"463","Eric","Moreland","2531352","moreland.jpg",,,,,
"464","Shayne","Whittington","2491063","whittington.jpg",,,,,
"465","Aaron","Harrison","3064510","aaronharrison.jpg",,,,,
"466","Branden","Dawson","2595211","brandendawson.jpg",,,,,
"467","Joe","Harris","2528794","joeharris_dribble.jpg",,,,,
"468","Joel","Anthony","3247","joelanthony.jpg",,,,,
"469","Cleanthony","Early","2991227","early1.jpg",,,,,
"470","Sam","Dekker","2991184","sam-dekker-usat.jpg",,,,,
"471","Nate","Robinson","2782","naterobinson.jpg",,,,,
"472","JJ","O'Brien","611","jjobrien.jpg",,,,,
"473","Bruno","Caboclo","3113297","brunocaboclo.jpg",,,,,
